{"cameraMode":{"drawMode":0,"name":"Shaded","section":"Shading Mode"},"sceneLighting":true,"audioPlay":false,"sceneViewState":{"showFog":true,"showMaterialUpdate":false,"showSkybox":true,"showFlares":true,"showImageEffects":true,"showParticleSystems":true,"showVisualEffectGraphs":true,"m_FxEnabled":true},"in2DMode":false,"pivot":{"x":0.22959470748901368,"y":0.3080000877380371,"z":0.037871360778808597},"rotation":{"x":-0.5123264193534851,"y":0.3200262784957886,"z":-0.21360695362091065,"w":-0.7680380940437317},"size":12.12435531616211,"orthographic":false}