{"cameraMode":{"drawMode":0,"name":"Shaded","section":"Shading Mode"},"sceneLighting":true,"audioPlay":false,"sceneViewState":{"showFog":true,"showMaterialUpdate":false,"showSkybox":true,"showFlares":true,"showImageEffects":true,"showParticleSystems":true,"showVisualEffectGraphs":true,"m_FxEnabled":true},"in2DMode":false,"pivot":{"x":-15.618474960327149,"y":-21.20844078063965,"z":13.567764282226563},"rotation":{"x":-0.34941932559013369,"y":0.47963476181030276,"z":-0.21614645421504975,"w":-0.7755917310714722},"size":17.176433563232423,"orthographic":false}